Model,MAE,RMSE,MAPE,R²
XGBoost (Optuna),0.36919359045657413,0.49591438371732793,214.85931702456043,-0.15312264703312262
LightGBM,0.42892316353830867,0.5502110771946559,213.67675979728543,-0.41945213063532516
CatBoost,0.35340490880262976,0.44849089273993104,161.13536726669437,0.05687480101287823
Stacking,0.3764847801868677,0.500414089674499,214.649323594314,-0.1741434242016089
LSTM,0.34245513406164013,0.434763821988244,115.69119393756986,0.11372420661648919
GRU,0.390100201629898,0.4653530130934788,148.68956038977848,-0.015376603942301559
TFT,0.36832523948581813,0.46145590054396574,99.29879434557795,0.001558787614761914
