Model,RMSE,MAE,R2,Model_vs_RW,Model_vs_Mean
Random Walk,0.8977987617714978,0.6286448812989399,,1.0,1.4498811014428217
Mean Baseline,0.619222335457763,0.4627306974933255,0.0,0.6897117280891991,1.0
SARIMAX only,0.6860702004258173,0.5013800866334055,-0.22756327196065396,0.7641692433080363,1.107954544176183
SARIMAX-XGB Hybrid,0.6952694972893193,0.5152545456480615,-0.2607039890091878,0.774415745369757,1.122810753871367
