Model,RMSE,MAE,R2,Model_vs_RW,Model_vs_Mean
Random Forest Tuned,0.38004356511554277,0.314578567492969,0.223415880995129,0.5444180067671587,0.8812401029259116
Tuned RF-XGB Shock Ensemble,0.38004356511554277,0.314578567492969,0.223415880995129,0.5444180067671587,0.8812401029259116
Shock-weighted XGBoost Tuned,0.4003950812081667,0.3160736138729135,0.13801599857367897,0.5735718534385726,0.9284309351946008
Mean Baseline,0.43125995271176865,0.3412837346909243,0.0,0.6177862366448947,1.0
Random Walk,0.6980730989636114,0.5336842933887125,,1.0,1.6186828723003792
