Metric,Value
80% Coverage,0.7647058823529411
95% Coverage,1.0
80% Shock Coverage,0.5
95% Shock Coverage,1.0
Avg 80% Width,1.0975223310557791
Avg 95% Width,2.7609918114898893
