Model,Shock_N,Shock_RMSE,Shock_MAE,NonShock_N,NonShock_RMSE,NonShock_MAE
Random Forest Tuned,4,0.6454994671869784,0.5748955480284628,30,0.32883874156188825,0.2798696367549031
Shock-weighted XGBoost Tuned,4,0.4114278790305589,0.3367992318067524,30,0.3989009867673628,0.3133101981484017
Tuned RF-XGB Shock Ensemble,4,0.6454994671869784,0.5748955480284628,30,0.32883874156188825,0.2798696367549031
