Model,RMSE,MAE,R2,Model_vs_RW,Model_vs_Mean
RF-XGB Weighted Ensemble Base,0.3815310804348534,0.3100817381620522,0.2173247819398152,0.5465488943798156,0.8846893342073165
Mean Baseline,0.43125995271176865,0.3412837346909243,0.0,0.6177862366448947,1.0
RF-XGB Weighted Ensemble + RON95 Rolling Correction,0.4528876687845859,0.3483711511799577,-0.10281516589822459,0.6487682585920614,1.0501500682751133
Random Walk,0.6980730989636114,0.5336842933887125,,1.0,1.6186828723003792
