Model,RMSE,MAE,R2,Model_vs_RW,Model_vs_Mean
Random Walk,0.8732519434488396,0.6035690726277515,,1.0,1.4146843523037074
Mean Baseline,0.6172768801936731,0.4574683461997752,0.0,0.7068714645578534,1.0
GRU Base,0.6406214683214405,0.4666793425817023,-0.07706758338436748,0.7336044003421929,1.0378186659452449
GRU-DQN Adjusted,0.702332658168281,0.4759901481082425,-0.2945704955422679,0.8042726540000286,1.137791938599614
