Model,RMSE,MAE,R2,Model_vs_RW,Model_vs_Mean
Random Walk,0.5591117689239378,0.4128358208955232,,1.0,1.171114068519939
Mean Baseline,0.4774187109122056,0.3351169525506804,0.0,0.8538877867497621,1.0
SARIMAX,0.6557353404161285,0.5455944157393212,-0.8865065134866577,1.1728162003782387,1.3735015520510552
GRU,0.6349645178428538,0.4941717065626125,-0.7688868082433222,1.1356665216775916,1.329995040683732
SARIMAX-GRU-XGBoost Stacking,0.47626255939199796,0.3474490836287732,0.0048374794868191184,0.8518199506131113,0.9975783280089744
