Model,RMSE,MAE,R2,Model_vs_RW,Model_vs_Mean
Random Forest Optimized,0.3944209560549683,0.33194467151172335,0.1635466958457279,0.5650138311310695,0.914578211064681
RF-XGB Weighted Ensemble,0.3966775824834081,0.32627052299478154,0.15394800530426656,0.5682464817399959,0.9198108472374815
XGBoost Optimized,0.40880843535027417,0.3263717750677035,0.10141030250327343,0.5856241072134255,0.9479397119525729
Mean Baseline,0.43125995271176865,0.3412837346909243,0.0,0.6177862366448947,1.0
Random Walk,0.6980730989636114,0.5336842933887125,,1.0,1.6186828723003792
