Model,Shock_N,Shock_RMSE,Shock_MAE,NonShock_N,NonShock_RMSE,NonShock_MAE
XGBoost Unweighted,4,0.4149685665591383,0.33815902494410865,30,0.3990337720840594,0.3179700864878377
Shock-weighted XGBoost,4,0.4114278790305589,0.3367992318067524,30,0.3989009867673628,0.3133101981484017
Quantile Median HGB,4,0.5373232480265299,0.44989332129559495,30,0.43637174877680035,0.33252084579914626
