Model,RMSE,MAE,R2,Model_vs_RW,Model_vs_Mean
Shock-weighted XGBoost,0.4003950812081667,0.3160736138729135,0.13801599857367897,0.5735718534385726,0.9284309351946008
XGBoost Unweighted,0.4009413255752596,0.3203452557179872,0.13566244773452452,0.5743543565430524,0.9296975595673442
Mean Baseline,0.43125995271176865,0.3412837346909243,0.0,0.6177862366448947,1.0
Quantile Median HGB,0.4494268960181991,0.3463293723281402,-0.08602508493695238,0.6438106506115723,1.0421252731495156
Random Walk,0.6980730989636114,0.5336842933887125,,1.0,1.6186828723003792
